CookerStat, GenerateAssetRegistry=0.036288, Initialize=0.173371, RunGuid=RunID7B5B5C8B40A4788BB13A60A4A09CC924
SavePackageTransactionId0CB730DA4F98C784943E9E86E38286B9_0, Filename=D:/Work at Amches/CityScape/Saved/Autosaves/Temp/Untitled_1_Auto1.umap, AutoPackageBackupDelegate=0.077706, FlushAsyncLoading=0.005130, FlushStreamingFunc=0.086505, BlockTillAllRequestsFinished=0.007696, ResetLoadersForSaveUnMarkAllObjects=0.229087, TagPackageExports=0.355177, BeginCacheForCookedPlatformData=0.001833, SerializeImports=0.906818, GatherLocalizableTextData=3.317911, MarkNames=0.035185, SerializeSummary=0.016861, SerializeNames=0.265375, SerializeGatherableTextData=0.014298, BuildExportMap=0.168242, SortExportsNonSeekfree=0.086136, SortExportsSeekfreeConstructor=0.065610, SortExportsSeekfreeInner=8.785207, SortExportsSeekfree=0.005867, BuildDependencyMap=0.049848, SerializeImportMap=0.028227, SerializeExportMap=0.015762, SerializeDependencyMap=0.008430, SerializeStringAssetReferenceMap=0.002932, SaveThumbNailsAssetRegistryDataWorldLevelInfo=0.462573, SerializeExports=1.891710, SerializeBulkData=7.761828, MoveFile=0.615783, UnaccountedTime=0.122793, RunGuid=RunID7B5B5C8B40A4788BB13A60A4A09CC924
SavePackageTransactionId0CB730DA4F98C784943E9E86E38286B9_1, Filename=D:/Work at Amches/CityScape/Saved/Autosaves/Game/ThirdPersonBP/EnvironmentCreator_Auto1.uasset, AutoPackageBackupDelegate=0.085406, FlushAsyncLoading=0.003662, FlushStreamingFunc=0.092737, BlockTillAllRequestsFinished=0.005130, ResetLoadersForSaveUnMarkAllObjects=0.118393, TagPackageExports=1.820233, BeginCacheForCookedPlatformData=0.002202, SerializeImports=2.337419, GatherLocalizableTextData=1.453694, MarkNames=0.021260, SerializeSummary=0.011362, SerializeNames=0.101529, SerializeGatherableTextData=0.101898, BuildExportMap=0.072941, SortExportsNonSeekfree=0.149548, SortExportsSeekfreeConstructor=0.008430, SortExportsSeekfreeInner=6.671380, SortExportsSeekfree=0.005864, BuildDependencyMap=0.025291, SerializeImportMap=0.009164, SerializeExportMap=0.013564, SerializeDependencyMap=0.069275, SerializeStringAssetReferenceMap=0.002932, SaveThumbNailsAssetRegistryDataWorldLevelInfo=0.339050, SerializeExports=2.969332, SerializeBulkData=0.004765, MoveFile=1.020443, UnaccountedTime=0.101164, RunGuid=RunID7B5B5C8B40A4788BB13A60A4A09CC924
SavePackageTransactionId0CB730DA4F98C784943E9E86E38286B9_2, Filename=D:/Work at Amches/CityScape/Content/ThirdPersonBP/Blueprints/EnvironmentTile.uasset, AutoPackageBackupDelegate=0.941642, FlushAsyncLoading=0.004396, FlushStreamingFunc=0.029325, BlockTillAllRequestsFinished=0.004031, ResetLoadersForSaveUnMarkAllObjects=0.144418, TagPackageExports=3.056202, BeginCacheForCookedPlatformData=0.002202, SerializeImports=3.684085, GatherLocalizableTextData=3.272824, MarkNames=0.027858, SerializeSummary=0.012830, SerializeNames=0.109594, SerializeGatherableTextData=0.137087, BuildExportMap=0.122055, SortExportsNonSeekfree=0.240084, SortExportsSeekfreeConstructor=0.055347, SortExportsSeekfreeInner=7.165473, SortExportsSeekfree=0.004400, BuildDependencyMap=0.033356, SerializeImportMap=0.012096, SerializeExportMap=0.022724, SerializeDependencyMap=0.004765, SerializeStringAssetReferenceMap=0.001464, SaveThumbNailsAssetRegistryDataWorldLevelInfo=6.887272, SerializeExports=4.657246, SerializeBulkData=0.006963, MoveFile=0.710353, UnaccountedTime=0.581332, RunGuid=RunID7B5B5C8B40A4788BB13A60A4A09CC924
SavePackageTransactionId0CB730DA4F98C784943E9E86E38286B9_3, Filename=D:/Work at Amches/CityScape/Content/ThirdPersonBP/Blueprints/ThirdPersonGameMode.uasset, AutoPackageBackupDelegate=0.891790, FlushAsyncLoading=0.004765, FlushStreamingFunc=0.054982, BlockTillAllRequestsFinished=0.005130, ResetLoadersForSaveUnMarkAllObjects=0.124991, TagPackageExports=1.646128, BeginCacheForCookedPlatformData=0.002198, SerializeImports=32.054577, GatherLocalizableTextData=2.222694, MarkNames=0.023823, SerializeSummary=0.022724, SerializeNames=0.108499, SerializeGatherableTextData=0.103727, BuildExportMap=0.095669, SortExportsNonSeekfree=0.129756, SortExportsSeekfreeConstructor=0.053145, SortExportsSeekfreeInner=5.748801, SortExportsSeekfree=0.004031, BuildDependencyMap=0.023827, SerializeImportMap=0.009898, SerializeExportMap=0.013195, SerializeDependencyMap=0.002932, SerializeStringAssetReferenceMap=0.002198, SaveThumbNailsAssetRegistryDataWorldLevelInfo=0.334285, SerializeExports=2.370775, SerializeBulkData=0.004765, MoveFile=0.716951, UnaccountedTime=0.535879, RunGuid=RunID7B5B5C8B40A4788BB13A60A4A09CC924
SavePackageTransactionId0CB730DA4F98C784943E9E86E38286B9_4, Filename=D:/Work at Amches/CityScape/Content/ThirdPersonBP/Blueprints/ThirdPersonGameMode.uasset, AutoPackageBackupDelegate=0.448644, FlushAsyncLoading=0.002202, FlushStreamingFunc=0.295430, BlockTillAllRequestsFinished=0.005130, ResetLoadersForSaveUnMarkAllObjects=0.126455, TagPackageExports=1.885843, BeginCacheForCookedPlatformData=0.002567, SerializeImports=2.460577, GatherLocalizableTextData=2.452880, MarkNames=0.024922, SerializeSummary=0.012830, SerializeNames=0.120226, SerializeGatherableTextData=0.111427, BuildExportMap=0.095300, SortExportsNonSeekfree=0.590496, SortExportsSeekfreeConstructor=0.090901, SortExportsSeekfreeInner=6.228231, SortExportsSeekfree=0.004765, BuildDependencyMap=0.025660, SerializeImportMap=0.010263, SerializeExportMap=0.013929, SerializeDependencyMap=0.002563, SerializeStringAssetReferenceMap=0.002202, SaveThumbNailsAssetRegistryDataWorldLevelInfo=0.330985, SerializeExports=2.682332, SerializeBulkData=0.004400, MoveFile=0.685427, UnaccountedTime=0.514619, RunGuid=RunID7B5B5C8B40A4788BB13A60A4A09CC924
SavePackageTransactionId0CB730DA4F98C784943E9E86E38286B9_5, Filename=D:/Work at Amches/CityScape/Content/ThirdPersonBP/Blueprints/EnvironmentTile.uasset, AutoPackageBackupDelegate=1.326870, FlushAsyncLoading=0.006232, FlushStreamingFunc=0.039220, BlockTillAllRequestsFinished=0.005499, ResetLoadersForSaveUnMarkAllObjects=0.136718, TagPackageExports=3.107887, BeginCacheForCookedPlatformData=0.002198, SerializeImports=3.791116, GatherLocalizableTextData=3.312778, MarkNames=0.025660, SerializeSummary=0.013195, SerializeNames=0.114359, SerializeGatherableTextData=0.146985, BuildExportMap=0.097498, SortExportsNonSeekfree=0.246681, SortExportsSeekfreeConstructor=0.056446, SortExportsSeekfreeInner=7.244647, SortExportsSeekfree=0.004396, BuildDependencyMap=0.034455, SerializeImportMap=0.011727, SerializeExportMap=0.021994, SerializeDependencyMap=0.004400, SerializeStringAssetReferenceMap=0.001464, SaveThumbNailsAssetRegistryDataWorldLevelInfo=5.052011, SerializeExports=4.753277, SerializeBulkData=0.006232, MoveFile=0.798322, UnaccountedTime=0.620183, RunGuid=RunID7B5B5C8B40A4788BB13A60A4A09CC924
SavePackageTransactionId0CB730DA4F98C784943E9E86E38286B9_6, Filename=D:/Work at Amches/CityScape/Saved/Autosaves/Temp/Untitled_1_Auto2.umap, AutoPackageBackupDelegate=0.094201, FlushAsyncLoading=0.004031, FlushStreamingFunc=0.107396, BlockTillAllRequestsFinished=0.006966, ResetLoadersForSaveUnMarkAllObjects=0.134885, TagPackageExports=0.319257, BeginCacheForCookedPlatformData=0.001833, SerializeImports=0.788424, GatherLocalizableTextData=3.205750, MarkNames=0.026390, SerializeSummary=0.013564, SerializeNames=0.242647, SerializeGatherableTextData=0.012465, BuildExportMap=0.128288, SortExportsNonSeekfree=0.061579, SortExportsSeekfreeConstructor=0.057545, SortExportsSeekfreeInner=8.424904, SortExportsSeekfree=0.005495, BuildDependencyMap=0.040323, SerializeImportMap=0.021625, SerializeExportMap=0.014294, SerializeDependencyMap=0.004034, SerializeStringAssetReferenceMap=0.002198, SaveThumbNailsAssetRegistryDataWorldLevelInfo=0.420421, SerializeExports=1.809604, SerializeBulkData=1.168527, MoveFile=0.560805, UnaccountedTime=0.106297, RunGuid=RunID7B5B5C8B40A4788BB13A60A4A09CC924
SavePackageTransactionId0CB730DA4F98C784943E9E86E38286B9_7, Filename=D:/Work at Amches/CityScape/Saved/Autosaves/Game/ThirdPersonBP/EnvironmentCreator_Auto2.uasset, AutoPackageBackupDelegate=0.070743, FlushAsyncLoading=0.003297, FlushStreamingFunc=0.091270, BlockTillAllRequestsFinished=0.005499, ResetLoadersForSaveUnMarkAllObjects=0.126090, TagPackageExports=2.094407, BeginCacheForCookedPlatformData=0.002563, SerializeImports=2.691865, GatherLocalizableTextData=2.435651, MarkNames=0.021994, SerializeSummary=0.012096, SerializeNames=0.111058, SerializeGatherableTextData=0.108495, BuildExportMap=0.096034, SortExportsNonSeekfree=0.161644, SortExportsSeekfreeConstructor=0.008065, SortExportsSeekfreeInner=6.153092, SortExportsSeekfree=0.004765, BuildDependencyMap=0.026390, SerializeImportMap=0.010628, SerializeExportMap=0.015032, SerializeDependencyMap=0.004031, SerializeStringAssetReferenceMap=0.001468, SaveThumbNailsAssetRegistryDataWorldLevelInfo=0.379734, SerializeExports=3.093958, SerializeBulkData=0.005130, MoveFile=0.554938, UnaccountedTime=0.103366, RunGuid=RunID7B5B5C8B40A4788BB13A60A4A09CC924
SavePackageTransactionId0CB730DA4F98C784943E9E86E38286B9_8, Filename=D:/Work at Amches/CityScape/Saved/Autosaves/Game/ThirdPersonBP/EnvironmentCreator_Auto3.uasset, AutoPackageBackupDelegate=0.099331, FlushAsyncLoading=0.004031, FlushStreamingFunc=0.100434, BlockTillAllRequestsFinished=0.006963, ResetLoadersForSaveUnMarkAllObjects=0.143684, TagPackageExports=2.121162, BeginCacheForCookedPlatformData=0.002198, SerializeImports=2.767369, GatherLocalizableTextData=2.500899, MarkNames=0.026755, SerializeSummary=0.013564, SerializeNames=0.115093, SerializeGatherableTextData=0.120223, BuildExportMap=0.105932, SortExportsNonSeekfree=0.173371, SortExportsSeekfreeConstructor=0.058282, SortExportsSeekfreeInner=6.311070, SortExportsSeekfree=0.004031, BuildDependencyMap=0.027124, SerializeImportMap=0.010997, SerializeExportMap=0.014663, SerializeDependencyMap=0.005130, SerializeStringAssetReferenceMap=0.001833, SaveThumbNailsAssetRegistryDataWorldLevelInfo=0.339784, SerializeExports=3.773518, SerializeBulkData=0.009164, MoveFile=0.595626, UnaccountedTime=0.113260, RunGuid=RunID7B5B5C8B40A4788BB13A60A4A09CC924
SavePackageTransactionId0CB730DA4F98C784943E9E86E38286B9_9, Filename=D:/Work at Amches/CityScape/Saved/Autosaves/Game/ThirdPersonBP/Blueprints/ThirdPersonGameMode_Auto3.uasset, AutoPackageBackupDelegate=1.001753, FlushAsyncLoading=0.005499, FlushStreamingFunc=0.041418, BlockTillAllRequestsFinished=0.005133, ResetLoadersForSaveUnMarkAllObjects=0.127189, TagPackageExports=2.757475, BeginCacheForCookedPlatformData=0.002567, SerializeImports=3.599048, GatherLocalizableTextData=3.460493, MarkNames=0.024561, SerializeSummary=0.010628, SerializeNames=0.111062, SerializeGatherableTextData=0.126820, BuildExportMap=0.108864, SortExportsNonSeekfree=0.294697, SortExportsSeekfreeConstructor=0.009529, SortExportsSeekfreeInner=7.251978, SortExportsSeekfree=0.005499, BuildDependencyMap=0.036653, SerializeImportMap=0.019424, SerializeExportMap=0.020895, SerializeDependencyMap=0.004031, SerializeStringAssetReferenceMap=0.002202, SaveThumbNailsAssetRegistryDataWorldLevelInfo=0.486396, SerializeExports=4.105970, SerializeBulkData=0.006966, MoveFile=0.621282, UnaccountedTime=0.109229, RunGuid=RunID7B5B5C8B40A4788BB13A60A4A09CC924
SavePackageTransactionId0CB730DA4F98C784943E9E86E38286B9_10, Filename=D:/Work at Amches/CityScape/Saved/Autosaves/Game/ThirdPersonBP/Blueprints/EnvironmentTile_Auto3.uasset, AutoPackageBackupDelegate=1.006514, FlushAsyncLoading=0.004765, FlushStreamingFunc=0.034090, BlockTillAllRequestsFinished=0.003297, ResetLoadersForSaveUnMarkAllObjects=0.120960, TagPackageExports=3.305815, BeginCacheForCookedPlatformData=0.002567, SerializeImports=3.931496, GatherLocalizableTextData=3.391221, MarkNames=0.029322, SerializeSummary=0.011731, SerializeNames=0.122424, SerializeGatherableTextData=0.172272, BuildExportMap=0.082839, SortExportsNonSeekfree=0.248510, SortExportsSeekfreeConstructor=0.008799, SortExportsSeekfreeInner=7.211290, SortExportsSeekfree=0.004031, BuildDependencyMap=0.032987, SerializeImportMap=0.010993, SerializeExportMap=0.021260, SerializeDependencyMap=0.004400, SerializeStringAssetReferenceMap=0.001468, SaveThumbNailsAssetRegistryDataWorldLevelInfo=4.959274, SerializeExports=4.503664, SerializeBulkData=0.012465, MoveFile=0.602223, UnaccountedTime=0.107031, RunGuid=RunID7B5B5C8B40A4788BB13A60A4A09CC924
SavePackageTransactionId0CB730DA4F98C784943E9E86E38286B9_11, Filename=D:/Work at Amches/CityScape/Content/ThirdPersonBP/Blueprints/EnvironmentTile.uasset, AutoPackageBackupDelegate=0.996985, FlushAsyncLoading=0.005499, FlushStreamingFunc=0.039220, BlockTillAllRequestsFinished=0.004400, ResetLoadersForSaveUnMarkAllObjects=0.123888, TagPackageExports=3.438138, BeginCacheForCookedPlatformData=0.003666, SerializeImports=16.788588, GatherLocalizableTextData=3.595017, MarkNames=0.041053, SerializeSummary=0.015028, SerializeNames=0.119492, SerializeGatherableTextData=0.149548, BuildExportMap=0.089802, SortExportsNonSeekfree=0.274904, SortExportsSeekfreeConstructor=0.071108, SortExportsSeekfreeInner=7.791154, SortExportsSeekfree=0.005133, BuildDependencyMap=0.035185, SerializeImportMap=0.012096, SerializeExportMap=0.021257, SerializeDependencyMap=0.009529, SerializeStringAssetReferenceMap=0.003297, SaveThumbNailsAssetRegistryDataWorldLevelInfo=5.086832, SerializeExports=5.074367, SerializeBulkData=0.006597, MoveFile=0.740044, UnaccountedTime=0.601124, RunGuid=RunID7B5B5C8B40A4788BB13A60A4A09CC924
SavePackageTransactionId0CB730DA4F98C784943E9E86E38286B9_12, Filename=D:/Work at Amches/CityScape/Content/ThirdPersonBP/Blueprints/ThirdPersonGameMode.uasset, AutoPackageBackupDelegate=1.221310, FlushAsyncLoading=0.008062, FlushStreamingFunc=0.094935, BlockTillAllRequestsFinished=0.016127, ResetLoadersForSaveUnMarkAllObjects=0.218824, TagPackageExports=3.193658, BeginCacheForCookedPlatformData=0.002198, SerializeImports=4.181478, GatherLocalizableTextData=3.606744, MarkNames=0.027858, SerializeSummary=0.011727, SerializeNames=0.114728, SerializeGatherableTextData=0.138920, BuildExportMap=0.100795, SortExportsNonSeekfree=0.341982, SortExportsSeekfreeConstructor=0.009164, SortExportsSeekfreeInner=7.613383, SortExportsSeekfree=0.004765, BuildDependencyMap=0.035554, SerializeImportMap=0.011731, SerializeExportMap=0.022359, SerializeDependencyMap=0.004400, SerializeStringAssetReferenceMap=0.001464, SaveThumbNailsAssetRegistryDataWorldLevelInfo=0.542112, SerializeExports=4.482407, SerializeBulkData=0.006597, MoveFile=0.682127, UnaccountedTime=0.612486, RunGuid=RunID7B5B5C8B40A4788BB13A60A4A09CC924
SavePackageTransactionId0CB730DA4F98C784943E9E86E38286B9_13, Filename=D:/Work at Amches/CityScape/Content/ThirdPersonBP/EnvironmentCreator.uasset, AutoPackageBackupDelegate=0.078071, FlushAsyncLoading=0.003666, FlushStreamingFunc=0.092369, BlockTillAllRequestsFinished=0.005133, ResetLoadersForSaveUnMarkAllObjects=0.127189, TagPackageExports=2.043091, BeginCacheForCookedPlatformData=0.002563, SerializeImports=2.500899, GatherLocalizableTextData=2.281703, MarkNames=0.023093, SerializeSummary=0.010997, SerializeNames=0.110693, SerializeGatherableTextData=0.124257, BuildExportMap=0.093102, SortExportsNonSeekfree=0.163108, SortExportsSeekfreeConstructor=0.008065, SortExportsSeekfreeInner=6.392807, SortExportsSeekfree=0.005133, BuildDependencyMap=0.026390, SerializeImportMap=0.010632, SerializeExportMap=0.015028, SerializeDependencyMap=0.004765, SerializeStringAssetReferenceMap=0.001833, SaveThumbNailsAssetRegistryDataWorldLevelInfo=0.409793, SerializeExports=2.954304, SerializeBulkData=0.005864, MoveFile=0.556406, UnaccountedTime=0.646941, RunGuid=RunID7B5B5C8B40A4788BB13A60A4A09CC924
SavePackageTransactionId0CB730DA4F98C784943E9E86E38286B9_14, Filename=D:/Work at Amches/CityScape/Saved/Autosaves/Temp/UEDPCUntitled_1.umap, AutoPackageBackupDelegate=0.090536, FlushAsyncLoading=0.003301, FlushStreamingFunc=0.322554, BlockTillAllRequestsFinished=0.005499, ResetLoadersForSaveUnMarkAllObjects=0.127554, TagPackageExports=0.403561, BeginCacheForCookedPlatformData=0.002567, SerializeImports=1.026675, GatherLocalizableTextData=3.312413, MarkNames=0.040319, SerializeSummary=0.014298, SerializeNames=0.273805, SerializeGatherableTextData=0.012096, BuildExportMap=0.130121, SortExportsNonSeekfree=0.065975, SortExportsSeekfreeConstructor=0.063047, SortExportsSeekfreeInner=9.807121, SortExportsSeekfree=0.006597, BuildDependencyMap=0.042517, SerializeImportMap=0.021990, SerializeExportMap=0.014298, SerializeDependencyMap=0.004031, SerializeStringAssetReferenceMap=0.002202, SaveThumbNailsAssetRegistryDataWorldLevelInfo=0.468802, SerializeExports=1.734097, SerializeBulkData=1.375988, MoveFile=1.045734, UnaccountedTime=0.092737, RunGuid=RunID7B5B5C8B40A4788BB13A60A4A09CC924
SavePackageTransactionId0CB730DA4F98C784943E9E86E38286B9_15, Filename=D:/Work at Amches/CityScape/Content/CityScapeTemp.umap, AutoPackageBackupDelegate=0.149548, FlushAsyncLoading=0.003666, FlushStreamingFunc=0.064876, BlockTillAllRequestsFinished=0.006963, ResetLoadersForSaveUnMarkAllObjects=0.520855, TagPackageExports=0.384867, BeginCacheForCookedPlatformData=0.001833, SerializeImports=1.018979, GatherLocalizableTextData=3.373258, MarkNames=0.030424, SerializeSummary=0.013929, SerializeNames=0.260241, SerializeGatherableTextData=0.012830, BuildExportMap=0.131588, SortExportsNonSeekfree=0.063408, SortExportsSeekfreeConstructor=0.060115, SortExportsSeekfreeInner=8.383848, SortExportsSeekfree=0.004400, BuildDependencyMap=0.046548, SerializeImportMap=0.018328, SerializeExportMap=0.013560, SerializeDependencyMap=0.004034, SerializeStringAssetReferenceMap=0.001833, SaveThumbNailsAssetRegistryDataWorldLevelInfo=0.434346, SerializeExports=1.685347, SerializeBulkData=1.078725, MoveFile=0.546511, UnaccountedTime=0.601124, RunGuid=RunID7B5B5C8B40A4788BB13A60A4A09CC924
SavePackageTransactionId0CB730DA4F98C784943E9E86E38286B9_16, Filename=D:/Work at Amches/CityScape/Saved/Autosaves/Game/ThirdPersonBP/Blueprints/ThirdPersonGameMode_Auto4.uasset, AutoPackageBackupDelegate=1.008350, FlushAsyncLoading=0.004396, FlushStreamingFunc=0.053518, BlockTillAllRequestsFinished=0.006229, ResetLoadersForSaveUnMarkAllObjects=0.172641, TagPackageExports=5.774822, BeginCacheForCookedPlatformData=0.004031, SerializeImports=37.157166, GatherLocalizableTextData=4.581373, MarkNames=0.051316, SerializeSummary=0.016496, SerializeNames=0.221387, SerializeGatherableTextData=0.135619, BuildExportMap=0.114363, SortExportsNonSeekfree=0.504725, SortExportsSeekfreeConstructor=0.066344, SortExportsSeekfreeInner=10.318439, SortExportsSeekfree=0.005499, BuildDependencyMap=0.046186, SerializeImportMap=0.011731, SerializeExportMap=0.026025, SerializeDependencyMap=0.010632, SerializeStringAssetReferenceMap=0.002567, SaveThumbNailsAssetRegistryDataWorldLevelInfo=0.671498, SerializeExports=7.369634, SerializeBulkData=0.007696, MoveFile=0.703387, UnaccountedTime=0.122424, RunGuid=RunID7B5B5C8B40A4788BB13A60A4A09CC924
SavePackageTransactionId0CB730DA4F98C784943E9E86E38286B9_17, Filename=D:/Work at Amches/CityScape/Saved/Autosaves/Game/ThirdPersonBP/Blueprints/EnvironmentTile_Auto4.uasset, AutoPackageBackupDelegate=1.042072, FlushAsyncLoading=0.004396, FlushStreamingFunc=0.028957, BlockTillAllRequestsFinished=0.003666, ResetLoadersForSaveUnMarkAllObjects=0.160180, TagPackageExports=3.715243, BeginCacheForCookedPlatformData=0.007328, SerializeImports=4.333593, GatherLocalizableTextData=3.405515, MarkNames=0.028957, SerializeSummary=0.012096, SerializeNames=0.116192, SerializeGatherableTextData=0.131954, BuildExportMap=0.088703, SortExportsNonSeekfree=0.384133, SortExportsSeekfreeConstructor=0.012461, SortExportsSeekfreeInner=7.442579, SortExportsSeekfree=0.006597, BuildDependencyMap=0.041053, SerializeImportMap=0.011366, SerializeExportMap=0.022359, SerializeDependencyMap=0.005499, SerializeStringAssetReferenceMap=0.002198, SaveThumbNailsAssetRegistryDataWorldLevelInfo=5.220253, SerializeExports=4.683267, SerializeBulkData=0.005864, MoveFile=0.584263, UnaccountedTime=0.104830, RunGuid=RunID7B5B5C8B40A4788BB13A60A4A09CC924
SavePackageTransactionId0CB730DA4F98C784943E9E86E38286B9_18, Filename=D:/Work at Amches/CityScape/Content/ThirdPersonBP/Blueprints/ThirdPersonGameMode.uasset, AutoPackageBackupDelegate=0.608824, FlushAsyncLoading=0.003297, FlushStreamingFunc=0.039954, BlockTillAllRequestsFinished=0.004400, ResetLoadersForSaveUnMarkAllObjects=0.169341, TagPackageExports=5.144011, BeginCacheForCookedPlatformData=0.003297, SerializeImports=5.545370, GatherLocalizableTextData=3.493484, MarkNames=0.029325, SerializeSummary=0.012461, SerializeNames=0.113625, SerializeGatherableTextData=0.154316, BuildExportMap=0.116192, SortExportsNonSeekfree=0.519384, SortExportsSeekfreeConstructor=0.054248, SortExportsSeekfreeInner=9.422988, SortExportsSeekfree=0.005133, BuildDependencyMap=0.042517, SerializeImportMap=0.010997, SerializeExportMap=0.026025, SerializeDependencyMap=0.009898, SerializeStringAssetReferenceMap=0.002563, SaveThumbNailsAssetRegistryDataWorldLevelInfo=0.709619, SerializeExports=7.011529, SerializeBulkData=0.005864, MoveFile=0.696790, UnaccountedTime=0.656106, RunGuid=RunID7B5B5C8B40A4788BB13A60A4A09CC924
SavePackageTransactionId0CB730DA4F98C784943E9E86E38286B9_19, Filename=D:/Work at Amches/CityScape/Content/ThirdPersonBP/Blueprints/EnvironmentTile.uasset, AutoPackageBackupDelegate=0.589028, FlushAsyncLoading=0.002567, FlushStreamingFunc=0.105198, BlockTillAllRequestsFinished=0.005130, ResetLoadersForSaveUnMarkAllObjects=0.167143, TagPackageExports=3.156267, BeginCacheForCookedPlatformData=0.002198, SerializeImports=3.659163, GatherLocalizableTextData=3.286023, MarkNames=0.026390, SerializeSummary=0.011362, SerializeNames=0.111796, SerializeGatherableTextData=0.143316, BuildExportMap=0.082105, SortExportsNonSeekfree=0.238616, SortExportsSeekfreeConstructor=0.053149, SortExportsSeekfreeInner=7.147513, SortExportsSeekfree=0.003662, BuildDependencyMap=0.032257, SerializeImportMap=0.010628, SerializeExportMap=0.021260, SerializeDependencyMap=0.004031, SerializeStringAssetReferenceMap=0.001833, SaveThumbNailsAssetRegistryDataWorldLevelInfo=5.024150, SerializeExports=4.659448, SerializeBulkData=0.004765, MoveFile=0.697888, UnaccountedTime=0.550911, RunGuid=RunID7B5B5C8B40A4788BB13A60A4A09CC924
SavePackageTransactionId0CB730DA4F98C784943E9E86E38286B9_20, Filename=D:/Work at Amches/CityScape/Saved/Autosaves/Game/CityScapeTemp_Auto5.umap, AutoPackageBackupDelegate=1.636230, FlushAsyncLoading=0.008795, FlushStreamingFunc=0.075873, BlockTillAllRequestsFinished=0.005499, ResetLoadersForSaveUnMarkAllObjects=0.207096, TagPackageExports=0.306793, BeginCacheForCookedPlatformData=0.001833, SerializeImports=0.791725, GatherLocalizableTextData=3.245704, MarkNames=0.028223, SerializeSummary=0.014298, SerializeNames=0.262439, SerializeGatherableTextData=0.019062, BuildExportMap=0.120223, SortExportsNonSeekfree=0.062313, SortExportsSeekfreeConstructor=0.060845, SortExportsSeekfreeInner=8.325569, SortExportsSeekfree=0.004031, BuildDependencyMap=0.036657, SerializeImportMap=0.019796, SerializeExportMap=0.013195, SerializeDependencyMap=0.004765, SerializeStringAssetReferenceMap=0.001833, SaveThumbNailsAssetRegistryDataWorldLevelInfo=0.450108, SerializeExports=1.630731, SerializeBulkData=1.104016, MoveFile=0.575833, UnaccountedTime=0.112526, RunGuid=RunID7B5B5C8B40A4788BB13A60A4A09CC924
SavePackageTransactionId0CB730DA4F98C784943E9E86E38286B9_21, Filename=D:/Work at Amches/CityScape/Saved/Autosaves/Game/ThirdPersonBP/Blueprints/EnvironmentTile_Auto5.uasset, AutoPackageBackupDelegate=1.062229, FlushAsyncLoading=0.004400, FlushStreamingFunc=0.063043, BlockTillAllRequestsFinished=0.005864, ResetLoadersForSaveUnMarkAllObjects=0.172641, TagPackageExports=3.209416, BeginCacheForCookedPlatformData=0.002198, SerializeImports=41.680256, GatherLocalizableTextData=16.604956, MarkNames=0.105929, SerializeSummary=0.032987, SerializeNames=0.453044, SerializeGatherableTextData=0.423353, BuildExportMap=0.363972, SortExportsNonSeekfree=1.013480, SortExportsSeekfreeConstructor=0.028957, SortExportsSeekfreeInner=14.546103, SortExportsSeekfree=0.007696, BuildDependencyMap=0.054248, SerializeImportMap=0.017963, SerializeExportMap=0.037018, SerializeDependencyMap=0.013929, SerializeStringAssetReferenceMap=0.003666, SaveThumbNailsAssetRegistryDataWorldLevelInfo=8.112245, SerializeExports=7.549237, SerializeBulkData=0.009529, MoveFile=0.881527, UnaccountedTime=0.152115, RunGuid=RunID7B5B5C8B40A4788BB13A60A4A09CC924
SavePackageTransactionId0CB730DA4F98C784943E9E86E38286B9_22, Filename=D:/Work at Amches/CityScape/Saved/Autosaves/Game/ThirdPersonBP/Blueprints/ThirdPersonGameMode_Auto6.uasset, AutoPackageBackupDelegate=40.353752, FlushAsyncLoading=0.025291, FlushStreamingFunc=0.156146, BlockTillAllRequestsFinished=0.018328, ResetLoadersForSaveUnMarkAllObjects=0.676632, TagPackageExports=10.492913, BeginCacheForCookedPlatformData=0.004765, SerializeImports=26.485748, GatherLocalizableTextData=7.038649, MarkNames=0.057183, SerializeSummary=0.021625, SerializeNames=0.222120, SerializeGatherableTextData=0.184003, BuildExportMap=0.203062, SortExportsNonSeekfree=1.056734, SortExportsSeekfreeConstructor=0.097863, SortExportsSeekfreeInner=16.737644, SortExportsSeekfree=0.005130, BuildDependencyMap=0.046916, SerializeImportMap=0.012465, SerializeExportMap=0.029322, SerializeDependencyMap=0.016861, SerializeStringAssetReferenceMap=0.002932, SaveThumbNailsAssetRegistryDataWorldLevelInfo=0.745542, SerializeExports=7.341411, SerializeBulkData=0.007696, MoveFile=0.653174, UnaccountedTime=0.116557, RunGuid=RunID7B5B5C8B40A4788BB13A60A4A09CC924
SavePackageTransactionId0CB730DA4F98C784943E9E86E38286B9_23, Filename=D:/Work at Amches/CityScape/Saved/Autosaves/Game/ThirdPersonBP/Blueprints/ThirdPersonGameMode_Auto7.uasset, AutoPackageBackupDelegate=1.181725, FlushAsyncLoading=0.006963, FlushStreamingFunc=0.898022, BlockTillAllRequestsFinished=0.008795, ResetLoadersForSaveUnMarkAllObjects=0.231285, TagPackageExports=7.047813, BeginCacheForCookedPlatformData=0.004400, SerializeImports=36.126091, GatherLocalizableTextData=5.166002, MarkNames=0.039954, SerializeSummary=0.014659, SerializeNames=0.141118, SerializeGatherableTextData=0.154313, BuildExportMap=0.125360, SortExportsNonSeekfree=0.721715, SortExportsSeekfreeConstructor=0.061210, SortExportsSeekfreeInner=12.213081, SortExportsSeekfree=0.005867, BuildDependencyMap=0.067074, SerializeImportMap=0.015028, SerializeExportMap=0.035923, SerializeDependencyMap=0.007331, SerializeStringAssetReferenceMap=0.001833, SaveThumbNailsAssetRegistryDataWorldLevelInfo=0.913780, SerializeExports=11.955038, SerializeBulkData=0.010263, MoveFile=0.674799, UnaccountedTime=0.135619, RunGuid=RunID7B5B5C8B40A4788BB13A60A4A09CC924
SavePackageTransactionId0CB730DA4F98C784943E9E86E38286B9_24, Filename=D:/Work at Amches/CityScape/Saved/Autosaves/Game/ThirdPersonBP/Blueprints/ThirdPersonGameMode_Auto8.uasset, AutoPackageBackupDelegate=1.656391, FlushAsyncLoading=0.006597, FlushStreamingFunc=0.054248, BlockTillAllRequestsFinished=0.006232, ResetLoadersForSaveUnMarkAllObjects=0.185102, TagPackageExports=8.480612, BeginCacheForCookedPlatformData=0.004034, SerializeImports=9.725746, GatherLocalizableTextData=6.513767, MarkNames=0.042520, SerializeSummary=0.013925, SerializeNames=0.235688, SerializeGatherableTextData=0.079904, BuildExportMap=0.140384, SortExportsNonSeekfree=1.199681, SortExportsSeekfreeConstructor=0.079907, SortExportsSeekfreeInner=12.250837, SortExportsSeekfree=0.004765, BuildDependencyMap=0.072207, SerializeImportMap=0.016127, SerializeExportMap=0.043985, SerializeDependencyMap=0.012096, SerializeStringAssetReferenceMap=0.002567, SaveThumbNailsAssetRegistryDataWorldLevelInfo=1.028508, SerializeExports=12.262199, SerializeBulkData=0.012096, MoveFile=0.710718, UnaccountedTime=0.133421, RunGuid=RunID7B5B5C8B40A4788BB13A60A4A09CC924
DDCTransactionIdA30B6CAB4E613ECD7A5591BFCAC05BE9_0, BuildTexture=, CacheKey=TEXTURE_814DCC3DC72143F49509781513CB9855_AutoDXT_9A9EA7CB426E7038537BE9BC7446F93B_07_0000803F0000803F0000803F000000000000803F00000000000000000000803F0000000000000000020000000E000000000000000101000000040000803FFFFFFFFF00000000FF00FF00FFFF8180803B, StartTime=2016.06.02-19.43.41, Duration=1.357295, RunGuid=RunID7B5B5C8B40A4788BB13A60A4A09CC924
DDCTransactionId5A0E43024852551A79690FAC78152945_0, PutCachedData=, CacheKey=TEXTURE_814DCC3DC72143F49509781513CB9855_AutoDXT_9A9EA7CB426E7038537BE9BC7446F__692C02345A60742ED3893C2B6CAFE5CB797ED1B9, StartTime=2016.06.02-19.43.41, HierarchicalDDC=, DataSize=6014, Duration=2.929013, RunGuid=RunID7B5B5C8B40A4788BB13A60A4A09CC924
DDCTransactionId312D81B147F9853890EEC2BDCE22990E_0, BuildTexture=, CacheKey=TEXTURE_814DCC3DC72143F49509781513CB9855_DXT1_8964178C48EE5B4FAF84C58FCF4B3F20_07_0000803F0000803F0000803F000000000000803F00000000000000000000803F0000000000000000020000000E000000000000000101000000040000803FFFFFFFFF00000000FF00FF00FFFF8180803B, StartTime=2016.06.02-19.43.41, Duration=0.439849, RunGuid=RunID7B5B5C8B40A4788BB13A60A4A09CC924
DDCTransactionId5A0E43024852551A79690FAC78152945_1, PutCachedData=, CacheKey=TEXTURE_814DCC3DC72143F49509781513CB9855_DXT1_8964178C48EE5B4FAF84C58FCF4B3F20__05F79D0B32ED2FC50DB3B59788469E03FA01054F, StartTime=2016.06.02-19.43.41, HierarchicalDDC=, DataSize=3267, Duration=2.723753, RunGuid=RunID7B5B5C8B40A4788BB13A60A4A09CC924
DDCTransactionId312D81B147F9853890EEC2BDCE22990E_1, BuildTexture=, CacheKey=TEXTURE_814DCC3DC72143F49509781513CB9855_G8_34C08CFA44E5C0ABB42FC8917C8CA1AE_07_0000803F0000803F0000803F000000000000803F00000000000000000000803F0000000000000000020000000E000000000000000101000000040000803FFFFFFFFF00000000FF00FF00FFFF8180803B, StartTime=2016.06.02-19.43.41, Duration=0.228718, RunGuid=RunID7B5B5C8B40A4788BB13A60A4A09CC924
DDCTransactionId5A0E43024852551A79690FAC78152945_2, PutCachedData=, CacheKey=TEXTURE_814DCC3DC72143F49509781513CB9855_G8_34C08CFA44E5C0ABB42FC8917C8CA1AE_0__5EB03809356582A0F8352CB8D08B615DFC52953A, StartTime=2016.06.02-19.43.41, HierarchicalDDC=, DataSize=3250, Duration=2.911788, RunGuid=RunID7B5B5C8B40A4788BB13A60A4A09CC924
DDCTransactionId62E7394D4E29994E118F068D46FB865C_0, BuildTexture=, CacheKey=TEXTURE_814DCC3DC72143F49509781513CB9855_AutoDXT_6D2528824F8ADB3B1B9462ACD0A8A971_07_0000803F0000803F0000803F000000000000803F00000000000000000000803FCDCC4C3F000000000800000006000100000000000102000000040000803FFFFFFFFF00000000FF00FF00FFFF8180803B, StartTime=2016.06.02-19.45.02, Duration=3.103852, RunGuid=RunID7B5B5C8B40A4788BB13A60A4A09CC924
DDCTransactionId5A0E43024852551A79690FAC78152945_3, PutCachedData=, CacheKey=TEXTURE_814DCC3DC72143F49509781513CB9855_AutoDXT_6D2528824F8ADB3B1B9462ACD0A8A__2097E035BBAD1AA0878DE1FED5F515F7E57809E2, StartTime=2016.06.02-19.45.02, HierarchicalDDC=, DataSize=822, Duration=8.943919, RunGuid=RunID7B5B5C8B40A4788BB13A60A4A09CC924
DDCTransactionId62E7394D4E29994E118F068D46FB865C_1, BuildTexture=, CacheKey=TEXTURE_814DCC3DC72143F49509781513CB9855_AutoDXT_144BC79C4EB8E483391F598EF122E0AB_07_0000803F0000803F0000803F000000000000803F00000000000000000000803FCDCC4C3F000000000800000006000100000000000102000000040000803FFFFFFFFF00000000FF00FF00FFFF8180803B, StartTime=2016.06.02-19.45.02, Duration=2.864871, RunGuid=RunID7B5B5C8B40A4788BB13A60A4A09CC924
DDCTransactionId5A0E43024852551A79690FAC78152945_4, PutCachedData=, CacheKey=TEXTURE_814DCC3DC72143F49509781513CB9855_AutoDXT_144BC79C4EB8E483391F598EF122E__4386EFDF608520AC04979EED439875035770CB9D, StartTime=2016.06.02-19.45.02, HierarchicalDDC=, DataSize=822, Duration=8.377984, RunGuid=RunID7B5B5C8B40A4788BB13A60A4A09CC924
DDCTransactionId62E7394D4E29994E118F068D46FB865C_2, BuildTexture=, CacheKey=TEXTURE_814DCC3DC72143F49509781513CB9855_AutoDXT_2C08E3BA45860267589B59A9284E4B08_07_0000803F0000803F0000803F000000000000803F00000000000000000000803FCDCC4C3F000000000800000006000100000000000102000000040000803FFFFFFFFF00000000FF00FF00FFFF8180803B, StartTime=2016.06.02-19.45.02, Duration=1.086421, RunGuid=RunID7B5B5C8B40A4788BB13A60A4A09CC924
DDCTransactionId5A0E43024852551A79690FAC78152945_5, PutCachedData=, CacheKey=TEXTURE_814DCC3DC72143F49509781513CB9855_AutoDXT_2C08E3BA45860267589B59A9284E4__F0BE0E121F2A0181B9C03811795A75EBA2F7E2C2, StartTime=2016.06.02-19.45.02, HierarchicalDDC=, DataSize=530, Duration=19.800444, RunGuid=RunID7B5B5C8B40A4788BB13A60A4A09CC924
DDCTransactionId62E7394D4E29994E118F068D46FB865C_3, BuildTexture=, CacheKey=TEXTURE_814DCC3DC72143F49509781513CB9855_AutoDXT_A627AE514858E80F417DC5ABB15CD006_07_0000803F0000803F0000803F000000000000803F00000000000000000000803FCDCC4C3F000000000800000006000100000000000102000000040000803FFFFFFFFF00000000FF00FF00FFFF8180803B, StartTime=2016.06.02-19.45.02, Duration=0.522684, RunGuid=RunID7B5B5C8B40A4788BB13A60A4A09CC924
DDCTransactionId62E7394D4E29994E118F068D46FB865C_4, BuildTexture=, CacheKey=TEXTURE_814DCC3DC72143F49509781513CB9855_AutoDXT_ED1F58644FD1CE6F0C39D18090EBD8FB_07_0000803F0000803F0000803F000000000000803F00000000000000000000803FCDCC4C3F000000000800000006000100000000000102000000040000803FFFFFFFFF00000000FF00FF00FFFF8180803B, StartTime=2016.06.02-19.45.02, Duration=0.474300, RunGuid=RunID7B5B5C8B40A4788BB13A60A4A09CC924
DDCTransactionId62E7394D4E29994E118F068D46FB865C_5, BuildTexture=, CacheKey=TEXTURE_814DCC3DC72143F49509781513CB9855_AutoDXT_CA9D4AF04C7D32B9FDF059991B61D3AE_07_0000803F0000803F0000803F000000000000803F00000000000000000000803FCDCC4C3F000000000800000006000100000000000102000000040000803FFFFFFFFF00000000FF00FF00FFFF8180803B, StartTime=2016.06.02-19.45.02, Duration=0.523418, RunGuid=RunID7B5B5C8B40A4788BB13A60A4A09CC924
DDCTransactionId5A0E43024852551A79690FAC78152945_6, PutCachedData=, CacheKey=TEXTURE_814DCC3DC72143F49509781513CB9855_AutoDXT_A627AE514858E80F417DC5ABB15CD__374B1FEF93FE107E0A8C5417D433A98A19989C48, StartTime=2016.06.02-19.45.02, HierarchicalDDC=, DataSize=530, Duration=20.382139, RunGuid=RunID7B5B5C8B40A4788BB13A60A4A09CC924
DDCTransactionId62E7394D4E29994E118F068D46FB865C_6, BuildTexture=, CacheKey=TEXTURE_814DCC3DC72143F49509781513CB9855_AutoDXT_CFCA85F0454168DF66420C896908C468_07_0000803F0000803F0000803F000000000000803F00000000000000000000803FCDCC4C3F000000000800000006000100000000000102000000040000803FFFFFFFFF00000000FF00FF00FFFF8180803B, StartTime=2016.06.02-19.45.02, Duration=1.189053, RunGuid=RunID7B5B5C8B40A4788BB13A60A4A09CC924
DDCTransactionId62E7394D4E29994E118F068D46FB865C_7, BuildTexture=, CacheKey=TEXTURE_814DCC3DC72143F49509781513CB9855_AutoDXT_88A9C96148D7DDCE2D1380B42B87502D_07_0000803F0000803F0000803F000000000000803F00000000000000000000803FCDCC4C3F000000000800000006000100000000000102000000040000803FFFFFFFFF00000000FF00FF00FFFF8180803B, StartTime=2016.06.02-19.45.02, Duration=0.361405, RunGuid=RunID7B5B5C8B40A4788BB13A60A4A09CC924
DDCTransactionId5A0E43024852551A79690FAC78152945_7, PutCachedData=, CacheKey=TEXTURE_814DCC3DC72143F49509781513CB9855_AutoDXT_ED1F58644FD1CE6F0C39D18090EBD__60039E1C4AAD435CF5AD53528BC0BB6B2E296DC4, StartTime=2016.06.02-19.45.02, HierarchicalDDC=, DataSize=530, Duration=3.985748, RunGuid=RunID7B5B5C8B40A4788BB13A60A4A09CC924
DDCTransactionId62E7394D4E29994E118F068D46FB865C_8, BuildTexture=, CacheKey=TEXTURE_814DCC3DC72143F49509781513CB9855_AutoDXT_C074037949858A31FF431B92D4AE53B8_07_0000803F0000803F0000803F000000000000803F00000000000000000000803FCDCC4C3F000000000800000006000100000000000102000000040000803FFFFFFFFF00000000FF00FF00FFFF8180803B, StartTime=2016.06.02-19.45.02, Duration=0.223588, RunGuid=RunID7B5B5C8B40A4788BB13A60A4A09CC924
DDCTransactionId5A0E43024852551A79690FAC78152945_8, PutCachedData=, CacheKey=TEXTURE_814DCC3DC72143F49509781513CB9855_AutoDXT_CA9D4AF04C7D32B9FDF059991B61D__2AB42B45321A0C6F3566126E2A0228300EAA544B, StartTime=2016.06.02-19.45.02, HierarchicalDDC=, DataSize=530, Duration=46.340435, RunGuid=RunID7B5B5C8B40A4788BB13A60A4A09CC924
DDCTransactionId5A0E43024852551A79690FAC78152945_9, PutCachedData=, CacheKey=TEXTURE_814DCC3DC72143F49509781513CB9855_AutoDXT_CFCA85F0454168DF66420C896908C__603851421A56311908C20B738FC25CB361686C43, StartTime=2016.06.02-19.45.02, HierarchicalDDC=, DataSize=822, Duration=3.532335, RunGuid=RunID7B5B5C8B40A4788BB13A60A4A09CC924
DDCTransactionId5A0E43024852551A79690FAC78152945_10, PutCachedData=, CacheKey=TEXTURE_814DCC3DC72143F49509781513CB9855_AutoDXT_88A9C96148D7DDCE2D1380B42B875__59DB34C00D8945D9EA6BF0F7835F63238C7DE129, StartTime=2016.06.02-19.45.02, HierarchicalDDC=, DataSize=474, Duration=29.772137, RunGuid=RunID7B5B5C8B40A4788BB13A60A4A09CC924
DDCTransactionId5A0E43024852551A79690FAC78152945_11, PutCachedData=, CacheKey=TEXTURE_814DCC3DC72143F49509781513CB9855_AutoDXT_C074037949858A31FF431B92D4AE5__8FC952F073D7276F8475B92FB97E00209354072C, StartTime=2016.06.02-19.45.02, HierarchicalDDC=, DataSize=474, Duration=36.814816, RunGuid=RunID7B5B5C8B40A4788BB13A60A4A09CC924
DDCTransactionId62E7394D4E29994E118F068D46FB865C_9, BuildTexture=, CacheKey=TEXTURE_814DCC3DC72143F49509781513CB9855_AutoDXT_9B0D009E4878B445FEB24B90F7D17509_07_0000803F0000803F0000803F000000000000803F00000000000000000000803FCDCC4C3F000000000800000006000100000000000102000000040000803FFFFFFFFF00000000FF00FF00FFFF8180803B, StartTime=2016.06.02-19.45.02, Duration=1.868617, RunGuid=RunID7B5B5C8B40A4788BB13A60A4A09CC924
DDCTransactionId5A0E43024852551A79690FAC78152945_12, PutCachedData=, CacheKey=TEXTURE_814DCC3DC72143F49509781513CB9855_AutoDXT_9B0D009E4878B445FEB24B90F7D17__E513E28DBF44A744EA4C32A2559B3831F3756DAB, StartTime=2016.06.02-19.45.02, HierarchicalDDC=, DataSize=3270, Duration=2.092935, RunGuid=RunID7B5B5C8B40A4788BB13A60A4A09CC924
SavePackageTransactionId0CB730DA4F98C784943E9E86E38286B9_25, Filename=D:/Work at Amches/CityScape/Content/CityScapeTemp.umap, AutoPackageBackupDelegate=23.648001, FlushAsyncLoading=0.011366, FlushStreamingFunc=0.056446, BlockTillAllRequestsFinished=0.006232, ResetLoadersForSaveUnMarkAllObjects=0.227254, TagPackageExports=0.337213, BeginCacheForCookedPlatformData=0.001833, SerializeImports=0.814818, GatherLocalizableTextData=3.552496, MarkNames=0.036288, SerializeSummary=0.015028, SerializeNames=0.278570, SerializeGatherableTextData=0.013560, BuildExportMap=0.145882, SortExportsNonSeekfree=0.090171, SortExportsSeekfreeConstructor=0.070374, SortExportsSeekfreeInner=8.781545, SortExportsSeekfree=0.003666, BuildDependencyMap=0.039950, SerializeImportMap=0.022359, SerializeExportMap=0.016496, SerializeDependencyMap=0.016127, SerializeStringAssetReferenceMap=0.002567, SaveThumbNailsAssetRegistryDataWorldLevelInfo=0.506558, SerializeExports=1.924329, SerializeBulkData=1.127109, MoveFile=0.744075, UnaccountedTime=0.589758, RunGuid=RunID7B5B5C8B40A4788BB13A60A4A09CC924
SavePackageTransactionId0CB730DA4F98C784943E9E86E38286B9_26, Filename=D:/Work at Amches/CityScape/Saved/Autosaves/Game/ThirdPersonBP/Blueprints/ThirdPersonGameMode_Auto9.uasset, AutoPackageBackupDelegate=1.233038, FlushAsyncLoading=0.004765, FlushStreamingFunc=0.058278, BlockTillAllRequestsFinished=0.004765, ResetLoadersForSaveUnMarkAllObjects=0.184372, TagPackageExports=8.553923, BeginCacheForCookedPlatformData=0.003666, SerializeImports=9.265739, GatherLocalizableTextData=6.242528, MarkNames=0.041787, SerializeSummary=0.013560, SerializeNames=0.243384, SerializeGatherableTextData=0.083204, BuildExportMap=0.141483, SortExportsNonSeekfree=1.281053, SortExportsSeekfreeConstructor=0.057179, SortExportsSeekfreeInner=13.059422, SortExportsSeekfree=0.010632, BuildDependencyMap=0.073306, SerializeImportMap=0.013560, SerializeExportMap=0.040688, SerializeDependencyMap=0.013199, SerializeStringAssetReferenceMap=0.002198, SaveThumbNailsAssetRegistryDataWorldLevelInfo=1.065161, SerializeExports=12.460496, SerializeBulkData=0.007700, MoveFile=0.646573, UnaccountedTime=0.133421, RunGuid=RunID7B5B5C8B40A4788BB13A60A4A09CC924
SavePackageTransactionId0CB730DA4F98C784943E9E86E38286B9_27, Filename=D:/Work at Amches/CityScape/Saved/Autosaves/Game/ThirdPersonBP/Blueprints/UserInfo/Message_Auto9.uasset, AutoPackageBackupDelegate=0.072941, FlushAsyncLoading=0.003301, FlushStreamingFunc=0.048749, BlockTillAllRequestsFinished=0.005130, ResetLoadersForSaveUnMarkAllObjects=0.163477, TagPackageExports=1.375254, BeginCacheForCookedPlatformData=0.002202, SerializeImports=1.709171, GatherLocalizableTextData=2.724483, MarkNames=0.021994, SerializeSummary=0.011362, SerializeNames=0.095665, SerializeGatherableTextData=0.095300, BuildExportMap=0.077341, SortExportsNonSeekfree=0.120956, SortExportsSeekfreeConstructor=0.008430, SortExportsSeekfreeInner=2.799995, SortExportsSeekfree=0.003297, BuildDependencyMap=0.019427, SerializeImportMap=0.020158, SerializeExportMap=0.015028, SerializeDependencyMap=0.031888, SerializeStringAssetReferenceMap=0.002932, SaveThumbNailsAssetRegistryDataWorldLevelInfo=0.252914, SerializeExports=2.104666, SerializeBulkData=0.004034, MoveFile=0.586465, UnaccountedTime=0.090536, RunGuid=RunID7B5B5C8B40A4788BB13A60A4A09CC924
SavePackageTransactionId0CB730DA4F98C784943E9E86E38286B9_28, Filename=D:/Work at Amches/CityScape/Content/ThirdPersonBP/Blueprints/UserInfo/Message.uasset, AutoPackageBackupDelegate=0.096399, FlushAsyncLoading=0.003666, FlushStreamingFunc=0.135619, BlockTillAllRequestsFinished=0.006597, ResetLoadersForSaveUnMarkAllObjects=0.197563, TagPackageExports=1.895007, BeginCacheForCookedPlatformData=0.002567, SerializeImports=2.501264, GatherLocalizableTextData=3.356762, MarkNames=0.023458, SerializeSummary=0.013199, SerializeNames=0.101164, SerializeGatherableTextData=0.105195, BuildExportMap=0.091270, SortExportsNonSeekfree=0.260610, SortExportsSeekfreeConstructor=0.058278, SortExportsSeekfreeInner=3.436305, SortExportsSeekfree=0.003666, BuildDependencyMap=0.027124, SerializeImportMap=0.009894, SerializeExportMap=0.015028, SerializeDependencyMap=0.004396, SerializeStringAssetReferenceMap=0.001833, SaveThumbNailsAssetRegistryDataWorldLevelInfo=0.348948, SerializeExports=3.028709, SerializeBulkData=0.005133, MoveFile=0.577666, UnaccountedTime=0.661239, RunGuid=RunID7B5B5C8B40A4788BB13A60A4A09CC924
SavePackageTransactionId0CB730DA4F98C784943E9E86E38286B9_29, Filename=D:/Work at Amches/CityScape/Content/ThirdPersonBP/Blueprints/EnvironmentTile.uasset, AutoPackageBackupDelegate=1.254298, FlushAsyncLoading=0.004400, FlushStreamingFunc=0.050582, BlockTillAllRequestsFinished=0.014294, ResetLoadersForSaveUnMarkAllObjects=0.161644, TagPackageExports=3.245704, BeginCacheForCookedPlatformData=0.002202, SerializeImports=4.421927, GatherLocalizableTextData=4.287407, MarkNames=0.027858, SerializeSummary=0.011727, SerializeNames=0.115462, SerializeGatherableTextData=0.149548, BuildExportMap=0.099696, SortExportsNonSeekfree=0.284802, SortExportsSeekfreeConstructor=0.008430, SortExportsSeekfreeInner=7.430848, SortExportsSeekfree=0.005130, BuildDependencyMap=0.035554, SerializeImportMap=0.012465, SerializeExportMap=0.024557, SerializeDependencyMap=0.008430, SerializeStringAssetReferenceMap=0.001833, SaveThumbNailsAssetRegistryDataWorldLevelInfo=4.887432, SerializeExports=4.847843, SerializeBulkData=0.010263, MoveFile=0.751771, UnaccountedTime=0.580233, RunGuid=RunID7B5B5C8B40A4788BB13A60A4A09CC924
SavePackageTransactionId0CB730DA4F98C784943E9E86E38286B9_30, Filename=D:/Work at Amches/CityScape/Content/ThirdPersonBP/Blueprints/ThirdPersonGameMode.uasset, AutoPackageBackupDelegate=5.134843, FlushAsyncLoading=0.020161, FlushStreamingFunc=0.196464, BlockTillAllRequestsFinished=0.018328, ResetLoadersForSaveUnMarkAllObjects=0.623483, TagPackageExports=16.205427, BeginCacheForCookedPlatformData=0.005867, SerializeImports=17.068989, GatherLocalizableTextData=12.372527, MarkNames=0.087969, SerializeSummary=0.019796, SerializeNames=0.247411, SerializeGatherableTextData=0.287369, BuildExportMap=0.249613, SortExportsNonSeekfree=1.683511, SortExportsSeekfreeConstructor=0.010632, SortExportsSeekfreeInner=12.808342, SortExportsSeekfree=0.005499, BuildDependencyMap=0.067808, SerializeImportMap=0.013929, SerializeExportMap=0.043616, SerializeDependencyMap=0.011731, SerializeStringAssetReferenceMap=0.002563, SaveThumbNailsAssetRegistryDataWorldLevelInfo=1.051601, SerializeExports=11.521056, SerializeBulkData=0.006966, MoveFile=0.716951, UnaccountedTime=0.586096, RunGuid=RunID7B5B5C8B40A4788BB13A60A4A09CC924
SavePackageTransactionId0CB730DA4F98C784943E9E86E38286B9_31, Filename=D:/Work at Amches/CityScape/Content/ThirdPersonBP/Blueprints/UserInfo/Message.uasset, AutoPackageBackupDelegate=1.226440, FlushAsyncLoading=0.004765, FlushStreamingFunc=0.084672, BlockTillAllRequestsFinished=0.005499, ResetLoadersForSaveUnMarkAllObjects=0.169341, TagPackageExports=1.969781, BeginCacheForCookedPlatformData=0.004034, SerializeImports=35.260326, GatherLocalizableTextData=3.420543, MarkNames=0.023823, SerializeSummary=0.011731, SerializeNames=0.128288, SerializeGatherableTextData=0.109963, BuildExportMap=0.094198, SortExportsNonSeekfree=0.220291, SortExportsSeekfreeConstructor=0.055347, SortExportsSeekfreeInner=3.310215, SortExportsSeekfree=0.004031, BuildDependencyMap=0.025660, SerializeImportMap=0.009529, SerializeExportMap=0.014294, SerializeDependencyMap=0.004768, SerializeStringAssetReferenceMap=0.002198, SaveThumbNailsAssetRegistryDataWorldLevelInfo=0.325855, SerializeExports=2.948806, SerializeBulkData=0.004765, MoveFile=0.742976, UnaccountedTime=0.581697, RunGuid=RunID7B5B5C8B40A4788BB13A60A4A09CC924
SavePackageTransactionId0CB730DA4F98C784943E9E86E38286B9_32, Filename=D:/Work at Amches/CityScape/Saved/Autosaves/Game/ThirdPersonBP/Blueprints/UserInfo/Message_Auto0.uasset, AutoPackageBackupDelegate=0.810787, FlushAsyncLoading=0.002567, FlushStreamingFunc=0.105929, BlockTillAllRequestsFinished=0.006963, ResetLoadersForSaveUnMarkAllObjects=0.179239, TagPackageExports=1.848090, BeginCacheForCookedPlatformData=0.001833, SerializeImports=2.442982, GatherLocalizableTextData=3.179360, MarkNames=0.026390, SerializeSummary=0.012461, SerializeNames=0.104465, SerializeGatherableTextData=0.100434, BuildExportMap=0.096031, SortExportsNonSeekfree=0.190601, SortExportsSeekfreeConstructor=0.073310, SortExportsSeekfreeInner=3.893010, SortExportsSeekfree=0.007331, BuildDependencyMap=0.038121, SerializeImportMap=0.010628, SerializeExportMap=0.016127, SerializeDependencyMap=0.005864, SerializeStringAssetReferenceMap=0.002567, SaveThumbNailsAssetRegistryDataWorldLevelInfo=0.384863, SerializeExports=3.408447, SerializeBulkData=0.007700, MoveFile=0.683963, UnaccountedTime=0.111427, RunGuid=RunID7B5B5C8B40A4788BB13A60A4A09CC924
SavePackageTransactionId0CB730DA4F98C784943E9E86E38286B9_33, Filename=D:/Work at Amches/CityScape/Content/ThirdPersonBP/Blueprints/Bob.uasset, AutoPackageBackupDelegate=1.459926, FlushAsyncLoading=0.006597, FlushStreamingFunc=0.087235, BlockTillAllRequestsFinished=0.006597, ResetLoadersForSaveUnMarkAllObjects=0.184003, TagPackageExports=11.409264, BeginCacheForCookedPlatformData=0.005130, SerializeImports=72.468079, GatherLocalizableTextData=12.469292, MarkNames=0.101898, SerializeSummary=0.019059, SerializeNames=0.405028, SerializeGatherableTextData=0.144050, BuildExportMap=0.262808, SortExportsNonSeekfree=1.656391, SortExportsSeekfreeConstructor=0.081003, SortExportsSeekfreeInner=25.080070, SortExportsSeekfree=0.006966, BuildDependencyMap=0.136718, SerializeImportMap=0.019427, SerializeExportMap=0.065245, SerializeDependencyMap=0.015393, SerializeStringAssetReferenceMap=0.002202, SaveThumbNailsAssetRegistryDataWorldLevelInfo=8.474014, SerializeExports=15.366785, SerializeBulkData=0.010997, MoveFile=0.919279, UnaccountedTime=0.609189, RunGuid=RunID7B5B5C8B40A4788BB13A60A4A09CC924
SavePackageTransactionId0CB730DA4F98C784943E9E86E38286B9_34, Filename=D:/Work at Amches/CityScape/Content/ThirdPersonBP/Blueprints/UserInfo/Message.uasset, AutoPackageBackupDelegate=1.758285, FlushAsyncLoading=0.006232, FlushStreamingFunc=0.065610, BlockTillAllRequestsFinished=0.006232, ResetLoadersForSaveUnMarkAllObjects=0.216626, TagPackageExports=2.650078, BeginCacheForCookedPlatformData=0.002932, SerializeImports=8.097582, GatherLocalizableTextData=5.243708, MarkNames=0.035919, SerializeSummary=0.016496, SerializeNames=0.156514, SerializeGatherableTextData=0.121690, BuildExportMap=0.122789, SortExportsNonSeekfree=0.312660, SortExportsSeekfreeConstructor=0.073671, SortExportsSeekfreeInner=4.928120, SortExportsSeekfree=0.006232, BuildDependencyMap=0.044715, SerializeImportMap=0.011362, SerializeExportMap=0.017595, SerializeDependencyMap=0.009164, SerializeStringAssetReferenceMap=0.003297, SaveThumbNailsAssetRegistryDataWorldLevelInfo=0.564471, SerializeExports=3.975481, SerializeBulkData=0.005499, MoveFile=0.711821, UnaccountedTime=0.606988, RunGuid=RunID7B5B5C8B40A4788BB13A60A4A09CC924
SavePackageTransactionId0CB730DA4F98C784943E9E86E38286B9_35, Filename=D:/Work at Amches/CityScape/Content/ThirdPersonBP/Blueprints/Bob.uasset, AutoPackageBackupDelegate=1.642831, FlushAsyncLoading=0.005499, FlushStreamingFunc=0.039585, BlockTillAllRequestsFinished=0.004765, ResetLoadersForSaveUnMarkAllObjects=0.170074, TagPackageExports=11.453245, BeginCacheForCookedPlatformData=0.005133, SerializeImports=22.326262, GatherLocalizableTextData=10.035105, MarkNames=0.130124, SerializeSummary=0.017595, SerializeNames=0.366539, SerializeGatherableTextData=0.221387, BuildExportMap=0.233121, SortExportsNonSeekfree=1.476418, SortExportsSeekfreeConstructor=0.063412, SortExportsSeekfreeInner=23.483061, SortExportsSeekfree=0.007331, BuildDependencyMap=0.157610, SerializeImportMap=0.019792, SerializeExportMap=0.067078, SerializeDependencyMap=0.020161, SerializeStringAssetReferenceMap=0.002567, SaveThumbNailsAssetRegistryDataWorldLevelInfo=9.134885, SerializeExports=17.175655, SerializeBulkData=0.011362, MoveFile=0.765700, UnaccountedTime=0.633746, RunGuid=RunID7B5B5C8B40A4788BB13A60A4A09CC924
SavePackageTransactionId0CB730DA4F98C784943E9E86E38286B9_36, Filename=D:/Work at Amches/CityScape/Content/ThirdPersonBP/Blueprints/UserInfo/Message.uasset, AutoPackageBackupDelegate=0.851836, FlushAsyncLoading=0.002932, FlushStreamingFunc=0.090901, BlockTillAllRequestsFinished=0.014663, ResetLoadersForSaveUnMarkAllObjects=0.158712, TagPackageExports=2.013769, BeginCacheForCookedPlatformData=0.002563, SerializeImports=2.933413, GatherLocalizableTextData=3.824469, MarkNames=0.032622, SerializeSummary=0.012830, SerializeNames=0.111792, SerializeGatherableTextData=0.115093, BuildExportMap=0.141487, SortExportsNonSeekfree=0.260975, SortExportsSeekfreeConstructor=0.059381, SortExportsSeekfreeInner=3.601979, SortExportsSeekfree=0.003662, BuildDependencyMap=0.031523, SerializeImportMap=0.011731, SerializeExportMap=0.020526, SerializeDependencyMap=0.036653, SerializeStringAssetReferenceMap=0.002932, SaveThumbNailsAssetRegistryDataWorldLevelInfo=0.488963, SerializeExports=3.383521, SerializeBulkData=0.004765, MoveFile=0.733446, UnaccountedTime=0.526715, RunGuid=RunID7B5B5C8B40A4788BB13A60A4A09CC924
SavePackageTransactionId0CB730DA4F98C784943E9E86E38286B9_37, Filename=D:/Work at Amches/CityScape/Saved/Autosaves/Game/ThirdPersonBP/Blueprints/UserInfo/Message_Auto1.uasset, AutoPackageBackupDelegate=1.382586, FlushAsyncLoading=0.005130, FlushStreamingFunc=0.057548, BlockTillAllRequestsFinished=0.012830, ResetLoadersForSaveUnMarkAllObjects=0.158343, TagPackageExports=2.417695, BeginCacheForCookedPlatformData=0.003297, SerializeImports=2.899326, GatherLocalizableTextData=3.868453, MarkNames=0.028957, SerializeSummary=0.013925, SerializeNames=0.124626, SerializeGatherableTextData=0.097498, BuildExportMap=0.113994, SortExportsNonSeekfree=0.275638, SortExportsSeekfreeConstructor=0.056081, SortExportsSeekfreeInner=3.690682, SortExportsSeekfree=0.004031, BuildDependencyMap=0.032257, SerializeImportMap=0.014294, SerializeExportMap=0.023093, SerializeDependencyMap=0.004400, SerializeStringAssetReferenceMap=0.001833, SaveThumbNailsAssetRegistryDataWorldLevelInfo=0.409056, SerializeExports=3.866989, SerializeBulkData=0.007696, MoveFile=8.913130, UnaccountedTime=0.131954, RunGuid=RunID7B5B5C8B40A4788BB13A60A4A09CC924
SavePackageTransactionId0CB730DA4F98C784943E9E86E38286B9_38, Filename=D:/Work at Amches/CityScape/Content/ThirdPersonBP/Blueprints/UserInfo/Message.uasset, AutoPackageBackupDelegate=0.924777, FlushAsyncLoading=0.002932, FlushStreamingFunc=0.114728, BlockTillAllRequestsFinished=0.006229, ResetLoadersForSaveUnMarkAllObjects=0.184737, TagPackageExports=3.328908, BeginCacheForCookedPlatformData=0.003301, SerializeImports=4.076280, GatherLocalizableTextData=6.075021, MarkNames=0.054978, SerializeSummary=0.022728, SerializeNames=0.179239, SerializeGatherableTextData=0.145148, BuildExportMap=0.162743, SortExportsNonSeekfree=0.417855, SortExportsSeekfreeConstructor=0.082105, SortExportsSeekfreeInner=5.764194, SortExportsSeekfree=0.005864, BuildDependencyMap=0.048749, SerializeImportMap=0.017595, SerializeExportMap=0.030421, SerializeDependencyMap=0.006966, SerializeStringAssetReferenceMap=0.002932, SaveThumbNailsAssetRegistryDataWorldLevelInfo=0.562269, SerializeExports=5.269732, SerializeBulkData=0.006966, MoveFile=0.813719, UnaccountedTime=0.623848, RunGuid=RunID7B5B5C8B40A4788BB13A60A4A09CC924
SavePackageTransactionId0CB730DA4F98C784943E9E86E38286B9_39, Filename=D:/Work at Amches/CityScape/Saved/Autosaves/Game/ThirdPersonBP/Blueprints/ThirdPersonGameMode_Auto2.uasset, AutoPackageBackupDelegate=1.550827, FlushAsyncLoading=0.005499, FlushStreamingFunc=0.073675, BlockTillAllRequestsFinished=0.005130, ResetLoadersForSaveUnMarkAllObjects=0.175208, TagPackageExports=10.450393, BeginCacheForCookedPlatformData=0.004765, SerializeImports=11.235159, GatherLocalizableTextData=7.436343, MarkNames=0.078440, SerializeSummary=0.016131, SerializeNames=0.257310, SerializeGatherableTextData=0.084303, BuildExportMap=0.161644, SortExportsNonSeekfree=1.363892, SortExportsSeekfreeConstructor=0.079539, SortExportsSeekfreeInner=15.552253, SortExportsSeekfree=0.005499, BuildDependencyMap=0.079904, SerializeImportMap=0.015762, SerializeExportMap=0.048384, SerializeDependencyMap=0.009164, SerializeStringAssetReferenceMap=0.002198, SaveThumbNailsAssetRegistryDataWorldLevelInfo=1.139570, SerializeExports=13.594571, SerializeBulkData=0.008795, MoveFile=0.694957, UnaccountedTime=0.134885, RunGuid=RunID7B5B5C8B40A4788BB13A60A4A09CC924
SavePackageTransactionId0CB730DA4F98C784943E9E86E38286B9_40, Filename=D:/Work at Amches/CityScape/Saved/Autosaves/Game/ThirdPersonBP/Blueprints/UserInfo/Message_Auto2.uasset, AutoPackageBackupDelegate=1.436099, FlushAsyncLoading=0.005130, FlushStreamingFunc=0.027493, BlockTillAllRequestsFinished=0.003297, ResetLoadersForSaveUnMarkAllObjects=0.164211, TagPackageExports=2.825651, BeginCacheForCookedPlatformData=0.005130, SerializeImports=18.399895, GatherLocalizableTextData=3.855627, MarkNames=0.026025, SerializeSummary=0.011362, SerializeNames=0.115827, SerializeGatherableTextData=0.108495, BuildExportMap=0.116926, SortExportsNonSeekfree=0.293233, SortExportsSeekfreeConstructor=0.009160, SortExportsSeekfreeInner=3.719274, SortExportsSeekfree=0.011362, BuildDependencyMap=0.045817, SerializeImportMap=0.011727, SerializeExportMap=0.021260, SerializeDependencyMap=0.005864, SerializeStringAssetReferenceMap=0.003666, SaveThumbNailsAssetRegistryDataWorldLevelInfo=0.458907, SerializeExports=3.708642, SerializeBulkData=0.004400, MoveFile=0.593059, UnaccountedTime=0.104830, RunGuid=RunID7B5B5C8B40A4788BB13A60A4A09CC924
SavePackageTransactionId0CB730DA4F98C784943E9E86E38286B9_41, Filename=D:/Work at Amches/CityScape/Content/ThirdPersonBP/Blueprints/UserInfo/Message.uasset, AutoPackageBackupDelegate=0.906818, FlushAsyncLoading=0.002567, FlushStreamingFunc=0.095300, BlockTillAllRequestsFinished=0.015028, ResetLoadersForSaveUnMarkAllObjects=0.162743, TagPackageExports=2.381772, BeginCacheForCookedPlatformData=0.003297, SerializeImports=2.855707, GatherLocalizableTextData=4.181478, MarkNames=0.031888, SerializeSummary=0.012830, SerializeNames=0.141483, SerializeGatherableTextData=0.116192, BuildExportMap=0.119861, SortExportsNonSeekfree=0.351511, SortExportsSeekfreeConstructor=0.010263, SortExportsSeekfreeInner=3.794778, SortExportsSeekfree=0.003666, BuildDependencyMap=0.034086, SerializeImportMap=0.014294, SerializeExportMap=0.034455, SerializeDependencyMap=0.004031, SerializeStringAssetReferenceMap=0.002198, SaveThumbNailsAssetRegistryDataWorldLevelInfo=0.417490, SerializeExports=3.976583, SerializeBulkData=0.006597, MoveFile=0.742976, UnaccountedTime=0.645474, RunGuid=RunID7B5B5C8B40A4788BB13A60A4A09CC924
SavePackageTransactionId0CB730DA4F98C784943E9E86E38286B9_42, Filename=D:/Work at Amches/CityScape/Content/ThirdPersonBP/Blueprints/UserInfo/Message.uasset, AutoPackageBackupDelegate=1.340799, FlushAsyncLoading=0.004765, FlushStreamingFunc=0.047285, BlockTillAllRequestsFinished=0.005499, ResetLoadersForSaveUnMarkAllObjects=0.165310, TagPackageExports=2.235889, BeginCacheForCookedPlatformData=0.002563, SerializeImports=31.916759, GatherLocalizableTextData=4.202004, MarkNames=0.027124, SerializeSummary=0.013560, SerializeNames=0.115827, SerializeGatherableTextData=0.113994, BuildExportMap=0.116192, SortExportsNonSeekfree=0.301663, SortExportsSeekfreeConstructor=0.055715, SortExportsSeekfreeInner=3.944326, SortExportsSeekfree=0.004031, BuildDependencyMap=0.033356, SerializeImportMap=0.011727, SerializeExportMap=0.021629, SerializeDependencyMap=0.004031, SerializeStringAssetReferenceMap=0.001833, SaveThumbNailsAssetRegistryDataWorldLevelInfo=0.410888, SerializeExports=3.663558, SerializeBulkData=0.005133, MoveFile=0.735275, UnaccountedTime=0.683594, RunGuid=RunID7B5B5C8B40A4788BB13A60A4A09CC924
SavePackageTransactionId0CB730DA4F98C784943E9E86E38286B9_43, Filename=D:/Work at Amches/CityScape/Content/ThirdPersonBP/Blueprints/UserInfo/Message.uasset, AutoPackageBackupDelegate=0.968028, FlushAsyncLoading=0.003301, FlushStreamingFunc=0.127554, BlockTillAllRequestsFinished=0.005864, ResetLoadersForSaveUnMarkAllObjects=0.177041, TagPackageExports=2.783865, BeginCacheForCookedPlatformData=0.002202, SerializeImports=3.298119, GatherLocalizableTextData=4.530054, MarkNames=0.027124, SerializeSummary=0.013199, SerializeNames=0.128288, SerializeGatherableTextData=0.155777, BuildExportMap=0.107031, SortExportsNonSeekfree=0.298362, SortExportsSeekfreeConstructor=0.054616, SortExportsSeekfreeInner=4.251119, SortExportsSeekfree=0.004400, BuildDependencyMap=0.037387, SerializeImportMap=0.012096, SerializeExportMap=0.022359, SerializeDependencyMap=0.005133, SerializeStringAssetReferenceMap=0.001829, SaveThumbNailsAssetRegistryDataWorldLevelInfo=0.490796, SerializeExports=4.191376, SerializeBulkData=0.005499, MoveFile=0.714019, UnaccountedTime=0.613216, RunGuid=RunID7B5B5C8B40A4788BB13A60A4A09CC924
SavePackageTransactionId0CB730DA4F98C784943E9E86E38286B9_44, Filename=D:/Work at Amches/CityScape/Saved/Autosaves/Game/ThirdPersonBP/Blueprints/UserInfo/Message1_Auto3.uasset, AutoPackageBackupDelegate=0.073306, FlushAsyncLoading=0.003297, FlushStreamingFunc=0.056449, BlockTillAllRequestsFinished=0.013929, ResetLoadersForSaveUnMarkAllObjects=0.156879, TagPackageExports=0.618350, BeginCacheForCookedPlatformData=0.001833, SerializeImports=0.890691, GatherLocalizableTextData=0.846706, MarkNames=0.012826, SerializeSummary=0.009898, SerializeNames=0.064511, SerializeGatherableTextData=0.004400, BuildExportMap=0.044718, SortExportsNonSeekfree=0.061944, SortExportsSeekfreeConstructor=0.056446, SortExportsSeekfreeInner=1.590412, SortExportsSeekfree=0.002936, BuildDependencyMap=0.014294, SerializeImportMap=0.008430, SerializeExportMap=0.009894, SerializeDependencyMap=0.004031, SerializeStringAssetReferenceMap=0.001833, SaveThumbNailsAssetRegistryDataWorldLevelInfo=0.224322, SerializeExports=0.991855, SerializeBulkData=0.004400, MoveFile=0.608090, UnaccountedTime=0.093099, RunGuid=RunID7B5B5C8B40A4788BB13A60A4A09CC924
SavePackageTransactionId0CB730DA4F98C784943E9E86E38286B9_45, Filename=D:/Work at Amches/CityScape/Content/ThirdPersonBP/Blueprints/UserInfo/Message.uasset, AutoPackageBackupDelegate=2.521787, FlushAsyncLoading=0.006966, FlushStreamingFunc=0.095665, BlockTillAllRequestsFinished=0.007696, ResetLoadersForSaveUnMarkAllObjects=0.256944, TagPackageExports=4.180744, BeginCacheForCookedPlatformData=0.004400, SerializeImports=5.150605, GatherLocalizableTextData=7.826343, MarkNames=0.035189, SerializeSummary=0.014294, SerializeNames=0.149548, SerializeGatherableTextData=0.145517, BuildExportMap=0.197932, SortExportsNonSeekfree=0.326585, SortExportsSeekfreeConstructor=0.093468, SortExportsSeekfreeInner=4.176345, SortExportsSeekfree=0.004765, BuildDependencyMap=0.039589, SerializeImportMap=0.014294, SerializeExportMap=0.023093, SerializeDependencyMap=0.004396, SerializeStringAssetReferenceMap=0.002202, SaveThumbNailsAssetRegistryDataWorldLevelInfo=0.481632, SerializeExports=4.378308, SerializeBulkData=0.006966, MoveFile=0.694957, UnaccountedTime=0.740778, RunGuid=RunID7B5B5C8B40A4788BB13A60A4A09CC924
SavePackageTransactionId0CB730DA4F98C784943E9E86E38286B9_46, Filename=D:/Work at Amches/CityScape/Saved/Autosaves/Game/ThirdPersonBP/Blueprints/Bob_Auto4.uasset, AutoPackageBackupDelegate=116.571159, FlushAsyncLoading=0.027493, FlushStreamingFunc=0.277471, BlockTillAllRequestsFinished=0.023823, ResetLoadersForSaveUnMarkAllObjects=0.760935, TagPackageExports=13.900995, BeginCacheForCookedPlatformData=0.006232, SerializeImports=40.250755, GatherLocalizableTextData=11.833347, MarkNames=0.092369, SerializeSummary=0.016861, SerializeNames=0.320356, SerializeGatherableTextData=0.123888, BuildExportMap=0.248879, SortExportsNonSeekfree=1.258697, SortExportsSeekfreeConstructor=0.065975, SortExportsSeekfreeInner=21.841698, SortExportsSeekfree=0.006966, BuildDependencyMap=0.095300, SerializeImportMap=0.019062, SerializeExportMap=0.064146, SerializeDependencyMap=0.014663, SerializeStringAssetReferenceMap=0.002563, SaveThumbNailsAssetRegistryDataWorldLevelInfo=8.463756, SerializeExports=14.545738, SerializeBulkData=0.010259, MoveFile=0.623479, UnaccountedTime=0.142951, RunGuid=RunID7B5B5C8B40A4788BB13A60A4A09CC924
SavePackageTransactionId0CB730DA4F98C784943E9E86E38286B9_47, Filename=D:/Work at Amches/CityScape/Saved/Autosaves/Game/ThirdPersonBP/Blueprints/ThirdPersonGameMode_Auto4.uasset, AutoPackageBackupDelegate=1.649793, FlushAsyncLoading=0.004765, FlushStreamingFunc=0.083569, BlockTillAllRequestsFinished=0.004031, ResetLoadersForSaveUnMarkAllObjects=0.163846, TagPackageExports=8.850086, BeginCacheForCookedPlatformData=0.003666, SerializeImports=10.058567, GatherLocalizableTextData=6.831188, MarkNames=0.044353, SerializeSummary=0.012096, SerializeNames=0.248510, SerializeGatherableTextData=0.085406, BuildExportMap=0.151746, SortExportsNonSeekfree=1.230471, SortExportsSeekfreeConstructor=0.011731, SortExportsSeekfreeInner=13.504032, SortExportsSeekfree=0.005133, BuildDependencyMap=0.071108, SerializeImportMap=0.016127, SerializeExportMap=0.047650, SerializeDependencyMap=0.008799, SerializeStringAssetReferenceMap=0.001833, SaveThumbNailsAssetRegistryDataWorldLevelInfo=1.129672, SerializeExports=13.295107, SerializeBulkData=0.007331, MoveFile=0.715483, UnaccountedTime=0.123158, RunGuid=RunID7B5B5C8B40A4788BB13A60A4A09CC924
SavePackageTransactionId0CB730DA4F98C784943E9E86E38286B9_48, Filename=D:/Work at Amches/CityScape/Saved/Autosaves/Game/ThirdPersonBP/Blueprints/UserInfo/Message_Auto4.uasset, AutoPackageBackupDelegate=1.499511, FlushAsyncLoading=0.005499, FlushStreamingFunc=0.046551, BlockTillAllRequestsFinished=0.004765, ResetLoadersForSaveUnMarkAllObjects=0.161275, TagPackageExports=2.383970, BeginCacheForCookedPlatformData=0.002932, SerializeImports=3.001954, GatherLocalizableTextData=4.281543, MarkNames=0.027124, SerializeSummary=0.010997, SerializeNames=0.138551, SerializeGatherableTextData=0.095300, BuildExportMap=0.116926, SortExportsNonSeekfree=0.273805, SortExportsSeekfreeConstructor=0.008065, SortExportsSeekfreeInner=3.763255, SortExportsSeekfree=0.004034, BuildDependencyMap=0.034451, SerializeImportMap=0.013564, SerializeExportMap=0.020161, SerializeDependencyMap=0.004400, SerializeStringAssetReferenceMap=0.001468, SaveThumbNailsAssetRegistryDataWorldLevelInfo=0.389263, SerializeExports=3.796611, SerializeBulkData=0.004765, MoveFile=0.633013, UnaccountedTime=0.102628, RunGuid=RunID7B5B5C8B40A4788BB13A60A4A09CC924
SavePackageTransactionId0CB730DA4F98C784943E9E86E38286B9_49, Filename=D:/Work at Amches/CityScape/Content/ThirdPersonBP/Blueprints/UserInfo/Message.uasset, AutoPackageBackupDelegate=1.593713, FlushAsyncLoading=0.005499, FlushStreamingFunc=0.056814, BlockTillAllRequestsFinished=0.005499, ResetLoadersForSaveUnMarkAllObjects=0.183269, TagPackageExports=2.423558, BeginCacheForCookedPlatformData=0.002932, SerializeImports=50.467300, GatherLocalizableTextData=8.530464, MarkNames=0.068542, SerializeSummary=0.021260, SerializeNames=0.217360, SerializeGatherableTextData=0.165675, BuildExportMap=0.194997, SortExportsNonSeekfree=0.487499, SortExportsSeekfreeConstructor=0.097498, SortExportsSeekfreeInner=7.382833, SortExportsSeekfree=0.008795, BuildDependencyMap=0.068910, SerializeImportMap=0.016861, SerializeExportMap=0.024557, SerializeDependencyMap=0.008062, SerializeStringAssetReferenceMap=0.003301, SaveThumbNailsAssetRegistryDataWorldLevelInfo=0.773396, SerializeExports=5.467664, SerializeBulkData=0.009529, MoveFile=1.013849, UnaccountedTime=0.675898, RunGuid=RunID7B5B5C8B40A4788BB13A60A4A09CC924
SavePackageTransactionId0CB730DA4F98C784943E9E86E38286B9_50, Filename=D:/Work at Amches/CityScape/Content/ThirdPersonBP/Blueprints/Bob.uasset, AutoPackageBackupDelegate=1.743995, FlushAsyncLoading=0.005495, FlushStreamingFunc=0.038490, BlockTillAllRequestsFinished=0.005130, ResetLoadersForSaveUnMarkAllObjects=0.171907, TagPackageExports=11.829685, BeginCacheForCookedPlatformData=0.005495, SerializeImports=12.981352, GatherLocalizableTextData=12.073062, MarkNames=0.086136, SerializeSummary=0.014298, SerializeNames=0.330985, SerializeGatherableTextData=0.133052, BuildExportMap=0.291400, SortExportsNonSeekfree=1.552291, SortExportsSeekfreeConstructor=0.066709, SortExportsSeekfreeInner=23.585327, SortExportsSeekfree=0.007696, BuildDependencyMap=0.163842, SerializeImportMap=0.019059, SerializeExportMap=0.069644, SerializeDependencyMap=0.015762, SerializeStringAssetReferenceMap=0.002567, SaveThumbNailsAssetRegistryDataWorldLevelInfo=8.524965, SerializeExports=16.678997, SerializeBulkData=0.009529, MoveFile=0.825446, UnaccountedTime=0.656102, RunGuid=RunID7B5B5C8B40A4788BB13A60A4A09CC924
SavePackageTransactionId0CB730DA4F98C784943E9E86E38286B9_51, Filename=D:/Work at Amches/CityScape/Content/ThirdPersonBP/Blueprints/UserInfo/Message.uasset, AutoPackageBackupDelegate=1.058932, FlushAsyncLoading=0.002567, FlushStreamingFunc=0.090901, BlockTillAllRequestsFinished=0.005499, ResetLoadersForSaveUnMarkAllObjects=0.169341, TagPackageExports=2.046757, BeginCacheForCookedPlatformData=0.002198, SerializeImports=2.423923, GatherLocalizableTextData=4.667510, MarkNames=0.035554, SerializeSummary=0.011727, SerializeNames=0.120960, SerializeGatherableTextData=0.117656, BuildExportMap=0.120960, SortExportsNonSeekfree=0.244115, SortExportsSeekfreeConstructor=0.013560, SortExportsSeekfreeInner=3.659163, SortExportsSeekfree=0.003297, BuildDependencyMap=0.032987, SerializeImportMap=0.012096, SerializeExportMap=0.019792, SerializeDependencyMap=0.004034, SerializeStringAssetReferenceMap=0.001464, SaveThumbNailsAssetRegistryDataWorldLevelInfo=0.396229, SerializeExports=3.485423, SerializeBulkData=0.004765, MoveFile=0.727214, UnaccountedTime=0.628248, RunGuid=RunID7B5B5C8B40A4788BB13A60A4A09CC924
SavePackageTransactionId0CB730DA4F98C784943E9E86E38286B9_52, Filename=D:/Work at Amches/CityScape/Content/ThirdPersonBP/Blueprints/ThirdPersonGameMode.uasset, AutoPackageBackupDelegate=1.643930, FlushAsyncLoading=0.005130, FlushStreamingFunc=0.079907, BlockTillAllRequestsFinished=0.012461, ResetLoadersForSaveUnMarkAllObjects=0.178140, TagPackageExports=9.159811, BeginCacheForCookedPlatformData=0.003666, SerializeImports=27.937975, GatherLocalizableTextData=5.899813, MarkNames=0.045452, SerializeSummary=0.014659, SerializeNames=0.278570, SerializeGatherableTextData=0.080641, BuildExportMap=0.146613, SortExportsNonSeekfree=1.168895, SortExportsSeekfreeConstructor=0.057913, SortExportsSeekfreeInner=13.539586, SortExportsSeekfree=0.004765, BuildDependencyMap=0.074040, SerializeImportMap=0.017591, SerializeExportMap=0.048384, SerializeDependencyMap=0.009160, SerializeStringAssetReferenceMap=0.002202, SaveThumbNailsAssetRegistryDataWorldLevelInfo=1.069192, SerializeExports=13.668242, SerializeBulkData=0.009533, MoveFile=0.740044, UnaccountedTime=0.661235, RunGuid=RunID7B5B5C8B40A4788BB13A60A4A09CC924
DDCTransactionIdA30B6CAB4E613ECD7A5591BFCAC05BE9_1, BuildTexture=, CacheKey=TEXTURE_814DCC3DC72143F49509781513CB9855_AutoDXT_C96C04674A91B110D5FEB98605AFA1A4_07_0000803F0000803F0000803F000000000000803F00000000000000000000803F0000000000000000020000000E000000000000000101000000040000803FFFFFFFFF00000000FF00FF00FFFF8180803B, StartTime=2016.06.02-21.24.02, Duration=1.771119, RunGuid=RunID7B5B5C8B40A4788BB13A60A4A09CC924
DDCTransactionId312D81B147F9853890EEC2BDCE22990E_2, BuildTexture=, CacheKey=TEXTURE_814DCC3DC72143F49509781513CB9855_DXT1_41B85C084E1EEC40954AD89C44204B3C_07_0000803F0000803F0000803F000000000000803F00000000000000000000803F0000000000000000020000000E000000000000000101000000040000803FFFFFFFFF00000000FF00FF00FFFF8180803B, StartTime=2016.06.02-21.24.02, Duration=1.064427, RunGuid=RunID7B5B5C8B40A4788BB13A60A4A09CC924
DDCTransactionId5A0E43024852551A79690FAC78152945_13, PutCachedData=, CacheKey=TEXTURE_814DCC3DC72143F49509781513CB9855_DXT1_41B85C084E1EEC40954AD89C44204B3C__58ABAB2F7CD3FC3BCD62AE73F96D518A27F2A7F7, StartTime=2016.06.02-21.24.02, HierarchicalDDC=, DataSize=3267, Duration=9.100433, RunGuid=RunID7B5B5C8B40A4788BB13A60A4A09CC924
DDCTransactionId312D81B147F9853890EEC2BDCE22990E_3, BuildTexture=, CacheKey=TEXTURE_814DCC3DC72143F49509781513CB9855_G8_64BA90514813928D84C087905C50A7FA_07_0000803F0000803F0000803F000000000000803F00000000000000000000803F0000000000000000020000000E000000000000000101000000040000803FFFFFFFFF00000000FF00FF00FFFF8180803B, StartTime=2016.06.02-21.24.02, Duration=2.970431, RunGuid=RunID7B5B5C8B40A4788BB13A60A4A09CC924
DDCTransactionId5A0E43024852551A79690FAC78152945_14, PutCachedData=, CacheKey=TEXTURE_814DCC3DC72143F49509781513CB9855_AutoDXT_C96C04674A91B110D5FEB98605AFA__E3D221C1B1E91CDD9062ED9F15C2B54EDAAAE80F, StartTime=2016.06.02-21.24.02, HierarchicalDDC=, DataSize=6014, Duration=13.524927, RunGuid=RunID7B5B5C8B40A4788BB13A60A4A09CC924
DDCTransactionId5A0E43024852551A79690FAC78152945_15, PutCachedData=, CacheKey=TEXTURE_814DCC3DC72143F49509781513CB9855_G8_64BA90514813928D84C087905C50A7FA_0__45069A14B1D91840C6EBB80DF656C2C47C81F46C, StartTime=2016.06.02-21.24.02, HierarchicalDDC=, DataSize=3250, Duration=34.257839, RunGuid=RunID7B5B5C8B40A4788BB13A60A4A09CC924
SavePackageTransactionId0CB730DA4F98C784943E9E86E38286B9_53, Filename=D:/Work at Amches/CityScape/Content/CityScapeTemp.umap, AutoPackageBackupDelegate=2.366379, FlushAsyncLoading=0.009164, FlushStreamingFunc=0.041783, BlockTillAllRequestsFinished=0.004765, ResetLoadersForSaveUnMarkAllObjects=0.198301, TagPackageExports=0.352245, BeginCacheForCookedPlatformData=0.001833, SerializeImports=21.741997, GatherLocalizableTextData=3.752626, MarkNames=0.035554, SerializeSummary=0.014294, SerializeNames=0.269774, SerializeGatherableTextData=0.021625, BuildExportMap=0.137452, SortExportsNonSeekfree=0.087239, SortExportsSeekfreeConstructor=0.122055, SortExportsSeekfreeInner=9.285901, SortExportsSeekfree=0.005133, BuildDependencyMap=0.043616, SerializeImportMap=0.021260, SerializeExportMap=0.016496, SerializeDependencyMap=0.009164, SerializeStringAssetReferenceMap=0.001833, SaveThumbNailsAssetRegistryDataWorldLevelInfo=0.465870, SerializeExports=2.054818, SerializeBulkData=1.498777, MoveFile=0.759833, UnaccountedTime=0.524886, RunGuid=RunID7B5B5C8B40A4788BB13A60A4A09CC924
SavePackageTransactionId0CB730DA4F98C784943E9E86E38286B9_54, Filename=D:/Work at Amches/CityScape/Saved/Autosaves/Game/ThirdPersonBP/Blueprints/EnvironmentTile_Auto5.uasset, AutoPackageBackupDelegate=1.642462, FlushAsyncLoading=0.005864, FlushStreamingFunc=0.035923, BlockTillAllRequestsFinished=0.004765, ResetLoadersForSaveUnMarkAllObjects=0.177402, TagPackageExports=5.522277, BeginCacheForCookedPlatformData=0.004034, SerializeImports=6.342958, GatherLocalizableTextData=6.529525, MarkNames=0.048019, SerializeSummary=0.015028, SerializeNames=0.295796, SerializeGatherableTextData=0.072941, BuildExportMap=0.141852, SortExportsNonSeekfree=0.666734, SortExportsSeekfreeConstructor=0.062678, SortExportsSeekfreeInner=10.358762, SortExportsSeekfree=0.006597, BuildDependencyMap=0.083938, SerializeImportMap=0.016861, SerializeExportMap=0.039585, SerializeDependencyMap=0.010632, SerializeStringAssetReferenceMap=0.002932, SaveThumbNailsAssetRegistryDataWorldLevelInfo=5.434673, SerializeExports=8.577749, SerializeBulkData=0.010997, MoveFile=0.965830, UnaccountedTime=0.142217, RunGuid=RunID7B5B5C8B40A4788BB13A60A4A09CC924
SavePackageTransactionId0CB730DA4F98C784943E9E86E38286B9_55, Filename=D:/Work at Amches/CityScape/Content/ThirdPersonBP/Blueprints/EnvironmentTile.uasset, AutoPackageBackupDelegate=1.732629, FlushAsyncLoading=0.005133, FlushStreamingFunc=0.027858, BlockTillAllRequestsFinished=0.004031, ResetLoadersForSaveUnMarkAllObjects=0.168242, TagPackageExports=7.948033, BeginCacheForCookedPlatformData=0.005864, SerializeImports=8.905068, GatherLocalizableTextData=8.935489, MarkNames=0.051316, SerializeSummary=0.014663, SerializeNames=0.291396, SerializeGatherableTextData=0.085037, BuildExportMap=0.152480, SortExportsNonSeekfree=1.222409, SortExportsSeekfreeConstructor=0.079907, SortExportsSeekfreeInner=12.898508, SortExportsSeekfree=0.006232, BuildDependencyMap=0.118390, SerializeImportMap=0.016127, SerializeExportMap=0.062678, SerializeDependencyMap=0.010263, SerializeStringAssetReferenceMap=0.001833, SaveThumbNailsAssetRegistryDataWorldLevelInfo=5.745131, SerializeExports=11.501998, SerializeBulkData=0.008430, MoveFile=0.712186, UnaccountedTime=0.590861, RunGuid=RunID7B5B5C8B40A4788BB13A60A4A09CC924
SavePackageTransactionId0CB730DA4F98C784943E9E86E38286B9_56, Filename=D:/Work at Amches/CityScape/Content/ThirdPersonBP/Blueprints/EnvironmentTile.uasset, AutoPackageBackupDelegate=2.061784, FlushAsyncLoading=0.006229, FlushStreamingFunc=0.054982, BlockTillAllRequestsFinished=0.005867, ResetLoadersForSaveUnMarkAllObjects=0.208925, TagPackageExports=9.440213, BeginCacheForCookedPlatformData=0.005499, SerializeImports=40.710762, GatherLocalizableTextData=9.877864, MarkNames=0.069275, SerializeSummary=0.017226, SerializeNames=0.333916, SerializeGatherableTextData=0.083204, BuildExportMap=0.246316, SortExportsNonSeekfree=1.479719, SortExportsSeekfreeConstructor=0.074040, SortExportsSeekfreeInner=15.431662, SortExportsSeekfree=0.006966, BuildDependencyMap=0.109226, SerializeImportMap=0.019427, SerializeExportMap=0.064876, SerializeDependencyMap=0.016496, SerializeStringAssetReferenceMap=0.002932, SaveThumbNailsAssetRegistryDataWorldLevelInfo=7.457238, SerializeExports=13.953410, SerializeBulkData=0.011727, MoveFile=0.887025, UnaccountedTime=0.760570, RunGuid=RunID7B5B5C8B40A4788BB13A60A4A09CC924
SavePackageTransactionId0CB730DA4F98C784943E9E86E38286B9_57, Filename=D:/Work at Amches/CityScape/Content/CityScapeTemp.umap, AutoPackageBackupDelegate=3.377289, FlushAsyncLoading=0.008430, FlushStreamingFunc=0.048749, BlockTillAllRequestsFinished=0.004034, ResetLoadersForSaveUnMarkAllObjects=0.212591, TagPackageExports=0.398796, BeginCacheForCookedPlatformData=0.002567, SerializeImports=0.919279, GatherLocalizableTextData=4.328460, MarkNames=0.044353, SerializeSummary=0.014659, SerializeNames=0.313394, SerializeGatherableTextData=0.015028, BuildExportMap=0.167873, SortExportsNonSeekfree=0.093102, SortExportsSeekfreeConstructor=0.067808, SortExportsSeekfreeInner=10.966852, SortExportsSeekfree=0.005495, BuildDependencyMap=0.049852, SerializeImportMap=0.024922, SerializeExportMap=0.017229, SerializeDependencyMap=0.011731, SerializeStringAssetReferenceMap=0.002563, SaveThumbNailsAssetRegistryDataWorldLevelInfo=0.535149, SerializeExports=2.183840, SerializeBulkData=1.072127, MoveFile=0.852570, UnaccountedTime=0.107396, RunGuid=RunID7B5B5C8B40A4788BB13A60A4A09CC924
SavePackageTransactionId0CB730DA4F98C784943E9E86E38286B9_58, Filename=D:/Work at Amches/CityScape/Content/CityScapeTemp.umap, AutoPackageBackupDelegate=1.463227, FlushAsyncLoading=0.002932, FlushStreamingFunc=0.128653, BlockTillAllRequestsFinished=0.005499, ResetLoadersForSaveUnMarkAllObjects=0.190236, TagPackageExports=0.369471, BeginCacheForCookedPlatformData=0.002202, SerializeImports=0.886656, GatherLocalizableTextData=3.938462, MarkNames=0.040688, SerializeSummary=0.013560, SerializeNames=0.296164, SerializeGatherableTextData=0.013564, BuildExportMap=0.155043, SortExportsNonSeekfree=0.094935, SortExportsSeekfreeConstructor=0.066709, SortExportsSeekfreeInner=10.115012, SortExportsSeekfree=0.005867, BuildDependencyMap=0.046916, SerializeImportMap=0.023093, SerializeExportMap=0.016496, SerializeDependencyMap=0.010263, SerializeStringAssetReferenceMap=0.002567, SaveThumbNailsAssetRegistryDataWorldLevelInfo=0.503257, SerializeExports=1.941193, SerializeBulkData=1.094118, MoveFile=0.729777, UnaccountedTime=0.098966, RunGuid=RunID7B5B5C8B40A4788BB13A60A4A09CC924
